name,date,url
Election 2023,2023-10-18,
Election 2022,2022-11-01,
Election 2021,2021-11-01,
Election 2020,2020-10-13,
Election 2019,2019-09-09,
Election 2018,2018-07-25,
Election 2017,2017-03-20,https://www.drupal.org/association/blog/2017-drupal-association-at-large-election-winner-announced
Election 2016,2016-03-23,https://www.drupal.org/node/2838077/blog/2016-drupal-association-at-large-election-winner-announced
Election 2015,2015-05-04,https://www.drupal.org/node/2838077/blog/2015-at-large-election-data-released
Election 2014,2014-04-17,https://www.drupal.org/node/2838077/blog/drupal-association-board-meeting-march-13-2014
Election 2013,2013-09-13,http://drupal.org/node/2838077/blog/drupal-association-at-large-board-elections-this-week
Election 2012,2012-01-30,https://www.drupal.org/node/2838077/blog/drupal-association-2012-elections-board-candidates-announced
Election 2011,2011-10-31,https://www.drupal.org/forum/general/news-and-announcements/2011-10-31/drupal-association-board-election-results-for-2011
Election 2010,2010-02-02,https://www.drupal.org/node/2838077/blog/drupal-association-2010-election
Election 2009,2009-02-17,https://www.drupal.org/node/2838077/blog/2009-drupal-association-election-results
Election 2008,2008-01-16,https://www.drupal.org/node/2838077/blog/results-of-the-2008-drupal-association-election
DrupalCon changes name to Drupal Association,2011-07-01,https://www.drupal.org/association/history
Drupal Association is formed,2007-01-15,http://drupal.org/node/2838077/blog/announcing-the-drupal-association
Drupal starts,2001-01-15,